Street #, Street Name, ZIP Code
10555, W PICO BLVD, 90064
500, N GARFIELD AVE, 90640
1630, SANTA MONICA BLVD, 90404
1016, N ALVARADO ST, 90026
811, S SAN FERNANDO BLVD, 91502
14032, S AVALON BLVD, 90061
404, E COMMERCIAL ST, 91767
7916, LONG BEACH BLVD, 90280
3241, S BREA CANYON RD, 91765
316, N JUANITA AVE, 90004
101, W PACIFIC COAST HWY, 90806
2701, W 3RD ST, 90057
3728, ROCKWELL AVE, 91731
430, E WEBER AVE, 90222
13528, S WESTERN AVE, 90249
20200, BLOOMFIELD AVE, 90703
20021, VENTURA BLVD, 91364
1225, W 196TH ST, 90502
1009, CRENSHAW BLVD, 90019
9860, LOWER AZUSA RD, 91731
13007, TELEGRAPH RD, 90670
14201, S HALLDALE AVE, 90249
797, INDIAN HILL BLVD, 91767
3853, E 3RD ST, 90063
13460, VAN NUYS BLVD, 91331
22801, VENTURA BLVD, 91364
400, E ADAMS BLVD, 90011
6598, CHERRY AVE, 90805
7155, LINDLEY AVE, 91335
6800, E WASHINGTON BLVD, 90040
2488, S RESERVOIR ST, 91766
740, CENTINELA AVE, 90302
3660, S SOTO ST, 90058
2032, E 220TH ST, 90810
14815, RADBURN AVE, 90670
5500, ATHERTON ST, 90815
4501, W SLAUSON AVE, 90043
7810, OTIS AVE, 90201
600, S PARK AVE, 91766
2144, W GAYLORD ST, 90813
2120, LINCOLN BLVD, 90405
2741, S TOWNE AVE, 91766
1930, W 6TH ST, 90057
21119, S WILMINGTON AVE, 90810
5971, S MAIN ST, 90003
9650, TELSTAR AVE, 91731
2845, N TOWNE AVE, 91767
6033, DE SOTO AVE, 91367

