Street Number, Street Name, Zipcode
5939, CHERRY AVE, 90805
1805, E 4TH ST, 90802
9683, W OLYMPIC BLVD, 90212
2295, LONG BEACH BLVD, 90806
2900, S SANTA FE AVE, 90058
4353, S FIGUEROA ST, 90037
19701, HAMILTON AVE, 90502
8953, WOODMAN AVE, 91331
2633, HAUSER BLVD, 90016
219, N LARCHMONT BLVD, 90004
3924, FOOTHILL BLVD, 91214
9250, W OLYMPIC BLVD, 90212
1723, W ADAMS BLVD, 90018
4904, TUJUNGA AVE, 91601
12526, BURBANK BLVD, 91607
704, N MAIN ST, 90012
14521, HARTLAND ST, 91405
848, S NORMANDIE AVE, 90005
5450, N PARAMOUNT BLVD, 90805
16118, COHASSET ST, 91406
1151, N LA BREA AVE, 90038
1730, W ADAMS BLVD, 90018
4745, COLFAX AVE, 91602
15314, GAULT ST, 91406
3925, FOOTHILL BLVD, 91214
1339, W 36TH PL, 90007
2201, N BELLFLOWER BLVD, 90815
12521, BURBANK BLVD, 91607
2191, N LAKEWOOD BLVD, 90815
9617, CHARLEVILLE BLVD, 90212
706, N MAIN ST, 90012
1726, W ADAMS BLVD, 90018
6111, S LA CIENEGA BLVD, 90056
1536, W FLORENCE AVE, 90047
9618, CHARLEVILLE BLVD, 90212
7918, FOOTHILL BLVD, 91040
213, S ALEXANDRIA AVE, 90004
1725, W ADAMS BLVD, 90018
1152, N LA BREA AVE, 90038
2929, PICO BLVD, 90405
2444, PORTER ST, 90021
1525, PIZARRO ST, 90026
860, 3RD ST, 90403
3661, W 102ND ST, 90303
46, E PLYMOUTH ST, 90805
3622, VENICE BLVD, 90019
1538, W FLORENCE AVE, 90047
3659, OLYMPIC BLVD, 90023
433, NEBRASKA AVE, 90802
822, W 165TH PL, 90247
1729, W ADAMS BLVD, 90018
1929, ARLINGTON AVE, 90018
16123, COHASSET ST, 91406
6045, CLEON AVE, 91606
9619, CHARLEVILLE BLVD, 90212
1511, 3/4 ROSALIA RD, 90027
3638, E OCEAN BLVD, 90803
9210, S SEPULVEDA BLVD, 90045
423, E ELMWOOD AVE, 91501
320, W 9TH ST, 90015
1311, 17TH ST, 90404
1731, W ADAMS BLVD, 90018
120, S AVENUE, 90042
7233, S NORMANDIE AVE, 90044
12522, BURBANK BLVD, 91607
4434, CRENSHAW BLVD, 90043
319, W 9TH ST, 90015
928, N LA CIENEGA BLVD, 90069
1824, DELAWARE AVE, 90404
1109, 1119 1/2 N VISTA ST, 90046
614, S INGLEWOOD AVE, 90301
1530, W FLORENCE AVE, 90047
11879, SANTA MONICA BLVD, 90025
3200, N SAN FERNANDO RD, 90065
5627, DENNY AVE, 91601
3511, S AVALON BLVD, 90011
907, PICO BLVD, 90405
2189, N LAKEWOOD BLVD, 90815
1534, W FLORENCE AVE, 90047
3411, OLYMPIC BLVD, 90019
16117, COHASSET ST, 91406
25433, NARBONNE AVE, 90717
1407, MCCOLLUM ST, 90026
3663, W 102ND ST, 90303
12364, OSBORNE ST, 91331
1733, W ADAMS BLVD, 90018
1804, E 4TH ST, 90802
1338, W 36TH PL, 90007
16120, COHASSET ST, 91406
669, N WILTON PL, 90004
1583, W 29TH ST, 90007
1533, W FLORENCE AVE, 90047
1500, CRENSHAW BLVD, 90501
3619, VENICE BLVD, 90019
9337, NATIONAL BLVD, 90034
723, W 11TH ST, 90731
1337, W 36TH PL, 90007
216, N LARCHMONT BLVD, 90004
14243, VICTORY BLVD, 91401
1433, 6TH ST, 90401
4856, S CENTINELA AVE, 90066
3662, W 102ND ST, 90303
910, S MARIPOSA ST, 91506
6344, DENNY AVE, 91606
4215, HUNTINGTON DR, 90032
9623, CHARLEVILLE BLVD, 90212
3667, W 102ND ST, 90303
306, S UNION PL, 90017
3660, W 102ND ST, 90303
3325, ANDRITA ST, 90065
12518, SAN FERNANDO RD, 91342
3579, GAGE AVE, 90201
640, N SEPULVEDA BLVD, 90049
9248, W OLYMPIC BLVD, 90212
6128, MONTEREY RD, 90042
1801, E 4TH ST, 90802
6029, TIPTON WAY, 90042
12726, PACIFIC AVE, 90066
2525, SAN FERNANDO BLVD, 91504
118, S AVENUE, 90042
217, N LARCHMONT BLVD, 90004
9620, CHARLEVILLE BLVD, 90212
218, N LARCHMONT BLVD, 90004
4615, LANKERSHIM BLVD, 91602
3295, ADRIATIC AVE, 90810
1803, E 4TH ST, 90802
1346, W 57TH ST, 90037
1544, ANAHEIM ST, 90710
4049, E OLYMPIC BLVD, 90023
23021, MARIPOSA AVE, 90502
1385, N MARENGO AVE, 91103
1732, W ADAMS BLVD, 90018
6521, HOMEWOOD AVE, 90028
5883, S SAN PEDRO ST, 90003
1535, W FLORENCE AVE, 90047
10932, BLOOMFIELD ST, 91602
4834, SATURN ST, 90019
123, S BOWLING GREEN WAY, 90049
4535, ELLENWOOD DR, 90041
21100, ERWIN ST, 91367
9625, CHARLEVILLE BLVD, 90212
1837, S HIGHLAND AVE, 90019
1130, W SUNSET BLVD, 90012
1901, ORCHID AVE, 90068
4263, CITY TERRACE DR, 90063
1154, N LA BREA AVE, 90038
1531, W FLORENCE AVE, 90047
22735, DEL VALLE ST, 91364
11815, AVALON BLVD, 90061
394, CORONADO AVE, 90814
808, S HOBART BLVD, 90005
246, N PACIFIC AVE, 90731
1461, W 14TH ST, 90813
12524, BURBANK BLVD, 91607
2213, E 38TH ST, 90058
535, W 54TH ST, 90037
3100, E PACIFIC COAST HWY, 90804
819, W 165TH PL, 90247
1825, DELAWARE AVE, 90404
850, MAGNOLIA AVE, 90813
2615, S BRONSON AVE, 90018
8520, W PICO BLVD, 90035
4652, BANNER DR, 90807
701, N MAIN ST, 90012
5068, ROMAINE ST, 90029
1307, 17TH ST, 90404
1728, W ADAMS BLVD, 90018
9621, CHARLEVILLE BLVD, 90212
668, N WILTON PL, 90004
1807, E 4TH ST, 90802
1822, DELAWARE AVE, 90404
1601, S VAN NESS AVE, 90019
4050, E OLYMPIC BLVD, 90023
1110, S OXFORD AVE, 90006
859, 3RD ST, 90403
1153, N LA BREA AVE, 90038
1308, 17TH ST, 90404
1823, DELAWARE AVE, 90404
3620, VENICE BLVD, 90019
1130, S HOPE ST, 90015
849, MAGNOLIA AVE, 90813
1455, N LOS ROBLES AVE, 91104
3668, W 102ND ST, 90303
1358, E 21ST ST, 90011
3450, CAHUENGA BLVD, 91604
3623, VENICE BLVD, 90019
3665, W 102ND ST, 90303
4506, W PICO BLVD, 90019
2198, N LAKEWOOD BLVD, 90815
5179, FOUNTAIN AVE, 90029
8715, TOBIAS AVE, 91402
119, S AVENUE, 90042
8538, COLGATE AVE, 90048
8954, WOODMAN AVE, 91331
1806, E 4TH ST, 90802
4653, BANNER DR, 90807
4048, E OLYMPIC BLVD, 90023
12519, BURBANK BLVD, 91607
8617, HIGUERA ST, 90232
1301, W SUNSET BLVD, 90026
3905, HOPEVALE DR, 91403
757, E WASHINGTON BLVD, 90021
7065, LEXINGTON AVE, 90038
1724, W ADAMS BLVD, 90018
742, S WESTLAKE AVE, 90057
3525, S BRONSON AVE, 90018
12525, BURBANK BLVD, 91607
116, S AVENUE, 90042
926, N LA CIENEGA BLVD, 90069
12518, BURBANK BLVD, 91607
1719, SANTEE ST, 90015
1826, DELAWARE AVE, 90404
3935, LA SALLE AVE, 90062
1827, DELAWARE AVE, 90404
2115, PORTLAND ST, 90007
1312, 17TH ST, 90404
3019, W 6TH ST, 90020
1537, W FLORENCE AVE, 90047
1310, 17TH ST, 90404
501, LOMA DR, 90017
6125, MONTEREY RD, 90042
1513, 3/4 ROSALIA RD, 90027
4507, W PICO BLVD, 90019
318, W 9TH ST, 90015
1532, W FLORENCE AVE, 90047
1106, PACIFIC AVE, 90813
939, PACIFIC AVE, 90813
900, N WESTERN AVE, 90029
6129, MONTEREY RD, 90042
1512, 3/4 ROSALIA RD, 90027
3628, FOOTHILL BLVD, 91214
702, N MAIN ST, 90012
6127, MONTEREY RD, 90042
3617, VENICE BLVD, 90019
1726, S VERMONT AVE, 90006
825, W 165TH PL, 90247
667, N WILTON PL, 90004
9622, CHARLEVILLE BLVD, 90212
711, N MAIN ST, 90012
3923, FOOTHILL BLVD, 91214
823, W 165TH PL, 90247
1518, E 3RD ST, 90802
1727, W ADAMS BLVD, 90018
2437, EXPOSITION PL, 90018
6819, VARIEL AVE, 91303
12172, TRUMAN ST, 91340
634, WESTMINSTER AVE, 90291
8955, WOODMAN AVE, 91331
11212, VICTORY BLVD, 91606
703, N MAIN ST, 90012
20021, VENTURA BLVD, 91364
22456, SUENO RD, 91364
6126, MONTEREY RD, 90042
4210, CAHUENGA BLVD, 91602
824, W 165TH PL, 90247
130, S MARKET ST, 90301
1722, W ADAMS BLVD, 90018
750, N RIDGEWOOD PL, 90038
2190, N LAKEWOOD BLVD, 90815
117, S AVENUE, 90042
14106, VENTURA BLVD, 91423
238, E VERNON AVE, 90011
705, N MAIN ST, 90012
1313, 17TH ST, 90404
2718, HYPERION AVE, 90027
3621, VENICE BLVD, 90019
11680, BURBANK BLVD, 91601
708, N MAIN ST, 90012
1495, N LAKE AVE, 91104
4654, BANNER DR, 90807
707, N MAIN ST, 90012
9249, W OLYMPIC BLVD, 90212
1737, HOLLY DR, 91206
1821, DELAWARE AVE, 90404
5871, S SAN PEDRO ST, 90003
8126, VAN NUYS BLVD, 91402
4506, LANKERSHIM BLVD, 91602
709, N MAIN ST, 90012
16119, COHASSET ST, 91406
16121, COHASSET ST, 91406
1309, 17TH ST, 90404
3905, STEVELY AVE, 90008
5356, LEXINGTON AVE, 90029
1202, E GREEN ST, 91106
1724, S VERMONT AVE, 90006
2009, 4TH ST, 90405
1025, W 23RD ST, 90007
858, 3RD ST, 90403
909, PICO BLVD, 90405
21529, MENLO AVE, 90502
820, W 165TH PL, 90247
3618, VENICE BLVD, 90019
303, W GLENOAKS BLVD, 91202
227, S CARONDELET ST, 90057
22731, DEL VALLE ST, 91364
215, N LARCHMONT BLVD, 90004
1150, N LA BREA AVE, 90038
671, N WILTON PL, 90004
2119, N BEACHWOOD DR, 90068
16122, COHASSET ST, 91406
1725, S VERMONT AVE, 90006
3375, BARHAM BLVD, 90068
12523, BURBANK BLVD, 91607
927, N LA CIENEGA BLVD, 90069
4505, W PICO BLVD, 90019
16, THORNTON AVE, 90291
3910, W 27TH ST, 90018
1734, W ADAMS BLVD, 90018
2391, ROSCOMARE RD, 90077
670, N WILTON PL, 90004
908, PICO BLVD, 90405
710, N MAIN ST, 90012
17812, S HARVARD BLVD, 90248
3664, W 102ND ST, 90303
5122, HUNTINGTON DR, 90032
1802, E 4TH ST, 90802
4091, CREED AVE, 90008
1131, E FLORENCE AVE, 90302
821, W 165TH PL, 90247
6152, DENNISON ST, 90022
3666, W 102ND ST, 90303
5717, W CARLTON WAY, 90028
3033, TREADWELL ST, 90065
661, JESSIE ST, 91340
848, MAGNOLIA AVE, 90813
9624, CHARLEVILLE BLVD, 90212
12520, BURBANK BLVD, 91607
